classification,count,avg_prob,std_prob
SE,398,0.6806486963556295,0.3052398734752482
non-SE,604,0.6978251374329437,0.30727924336853873
