seed,top_k,species,overall_precision,precision_09,subset_09
0,1000,h,0.43067101150495446,0.9010416666666666,0.03835780641294576
0,1000,m,0.49025097490250974,0.952755905511811,0.03528757988330092
0,1000,z,0.7351652056641942,0.9673003802281369,0.2391778828664969
0,1000,t,0.77997154037709,0.9625884732052579,0.3602258240757603
0,1000,o,0.6745843230403801,0.9366576819407008,0.14455484122345608
0,1000,f,0.7980251346499102,0.9777700590482806,0.46056630939049753
