seed,top_k,species,precision_09,subset_09
0,1000,h,0.9256002705444707,0.2517881471389646
0,1000,m,0.9562007874015748,0.24055877826447258
0,1000,z,0.9755600814663951,0.465255843335439
0,1000,t,0.9576048951048951,0.3464566929133858
0,1000,o,0.9507829977628636,0.3681436336682589
0,1000,f,0.9671375036033439,0.4232036110772234
