classification,count,avg_prob,std_prob
RI,14,0.15628473882013785,0.20490753088689792
non-RI,52,0.6651623740083876,0.3005125175565692
