,N_in_bin,N_correct,fraction_correct
"[0.9, inf)",5487,5236,95.42555130308
"[0.8,0.9)",2571,2216,86.19214313496694
"[0.7,0.8)",1838,1416,77.04026115342764
"[0.6,0.7)",1526,1041,68.2175622542595
"[0.5,0.6)",1185,701,59.15611814345991
"[0.4,0.5)",743,359,48.31763122476447
"[0.3,0.4)",343,135,39.35860058309038
"[0.2,0.3)",151,51,33.77483443708609
"[0.1,0.2)",46,15,32.608695652173914
"[0.0,0.1)",5660,3347,59.13427561837455
Total,19550,14517,74.25575447570333
