,N_in_bin,N_correct,fraction_correct
"[0.9, inf)",5431,5201,95.76505247652366
"[0.8,0.9)",2862,2490,87.0020964360587
"[0.7,0.8)",2039,1560,76.50809220205983
"[0.6,0.7)",1748,1182,67.62013729977116
"[0.5,0.6)",1308,767,58.63914373088684
"[0.4,0.5)",795,395,49.685534591194966
"[0.3,0.4)",390,151,38.71794871794872
"[0.2,0.3)",160,51,31.874999999999996
"[0.1,0.2)",58,12,20.689655172413794
"[0.0,0.1)",4759,2708,56.90271065349863
Total,19550,14517,74.25575447570333
